email,name,age
ghalib@a.com,ghalib,30
sahil@b.com,sahil,30
john.smith@example.com,John Smith,35
emma.wilson@gmail.com,Emma Wilson,28
michael.johnson@hotmail.com,Michael Johnson,42
sarah.brown@yahoo.com,Sarah Brown,31
david.lee@outlook.com,David Lee,47
olivia.taylor@example.net,Olivia Taylor,25
james.miller@gmail.com,James Miller,39
sophia.davis@hotmail.com,Sophia Davis,33
robert.anderson@yahoo.com,Robert Anderson,51
emily.thomas@outlook.com,Emily Thomas,29
william.jackson@example.com,William Jackson,44
ava.white@gmail.com,Ava White,37
christopher.harris@hotmail.com,Christopher Harris,26
isabella.martin@yahoo.com,Isabella Martin,32
daniel.thompson@outlook.com,Daniel Thompson,48
mia.garcia@example.net,Mia Garcia,27
matthew.martinez@gmail.com,Matthew Martinez,41
charlotte.robinson@hotmail.com,Charlotte Robinson,36
andrew.clark@yahoo.com,Andrew Clark,45
abigail.rodriguez@outlook.com,Abigail Rodriguez,30
joseph.lewis@example.com,Joseph Lewis,52
elizabeth.lee@gmail.com,Elizabeth Lee,34
ryan.walker@hotmail.com,Ryan Walker,38
madison.hall@yahoo.com,Madison Hall,24
kevin.allen@outlook.com,Kevin Allen,46
ella.young@example.net,Ella Young,29
brandon.hernandez@gmail.com,Brandon Hernandez,40
sofia.king@hotmail.com,Sofia King,33
tyler.wright@yahoo.com,Tyler Wright,49
natalie.scott@outlook.com,Natalie Scott,26
ethan.green@example.com,Ethan Green,43
grace.baker@gmail.com,Grace Baker,35
nathan.adams@hotmail.com,Nathan Adams,37
zoey.gonzalez@yahoo.com,Zoey Gonzalez,31
justin.nelson@outlook.com,Justin Nelson,45
lily.carter@example.net,Lily Carter,28
jeremy.mitchell@gmail.com,Jeremy Mitchell,50
hannah.perez@hotmail.com,Hannah Perez,32
zachary.roberts@yahoo.com,Zachary Roberts,39
brooklyn.turner@outlook.com,Brooklyn Turner,27
aaron.phillips@example.com,Aaron Phillips,44
samantha.campbell@gmail.com,Samantha Campbell,36
ryan.parker@hotmail.com,Ryan Parker,41
riley.evans@yahoo.com,Riley Evans,30
nicholas.edwards@outlook.com,Nicholas Edwards,47
lauren.collins@example.net,Lauren Collins,25
joshua.stewart@gmail.com,Joshua Stewart,42
alexis.sanchez@hotmail.com,Alexis Sanchez,33
jacob.morris@yahoo.com,Jacob Morris,38
scarlett.rogers@outlook.com,Scarlett Rogers,29
thomas.reed@example.com,Thomas Reed,46
olivia.cook@gmail.com,Olivia Cook,35
christian.morgan@hotmail.com,Christian Morgan,40
madison.bell@yahoo.com,Madison Bell,26
austin.murphy@outlook.com,Austin Murphy,43
victoria.bailey@example.net,Victoria Bailey,31
connor.rivera@gmail.com,Connor Rivera,37
zoey.cooper@hotmail.com,Zoey Cooper,32
luke.richardson@yahoo.com,Luke Richardson,45
aria.cox@outlook.com,Aria Cox,28
isaac.howard@example.com,Isaac Howard,49
stella.ward@gmail.com,Stella Ward,34
hunter.torres@hotmail.com,Hunter Torres,39
hazel.peterson@yahoo.com,Hazel Peterson,27
landon.gray@outlook.com,Landon Gray,44
elena.ramirez@example.net,Elena Ramirez,36
carter.james@gmail.com,Carter James,41
audrey.watson@hotmail.com,Audrey Watson,30
mason.brooks@yahoo.com,Mason Brooks,47
penelope.kelly@outlook.com,Penelope Kelly,33
carson.sanders@example.com,Carson Sanders,38
aurora.price@gmail.com,Aurora Price,42
max.bennett@hotmail.com,Max Bennett,29
addison.wood@yahoo.com,Addison Wood,35
cooper.barnes@outlook.com,Cooper Barnes,40
kennedy.ross@example.net,Kennedy Ross,26
julian.henderson@gmail.com,Julian Henderson,45
faith.coleman@hotmail.com,Faith Coleman,32
ian.jenkins@yahoo.com,Ian Jenkins,37
harper.perry@outlook.com,Harper Perry,31
evan.powell@example.com,Evan Powell,46
aria.long@gmail.com,Aria Long,34
nathan.patterson@hotmail.com,Nathan Patterson,39
savannah.hughes@yahoo.com,Savannah Hughes,28
cameron.flores@outlook.com,Cameron Flores,43